transaction_id,timestamp,type,asset,quantity,price_usd,fee,note
EXC-BIN-9000,2023-10-01T00:00:00Z,SELL,DOT,61.095,45590.17,0.05494022773533533,Binance SELL
EXC-BIN-9001,2023-10-01T00:05:00Z,SELL,SOL,54.1309,7604.62,0.03830825815786519,Binance SELL
EXC-BIN-9002,2023-10-01T00:10:00Z,TRANSFER_IN,SOL,41.6928,13245.71,0.047369414109220645,Binance TRANSFER_IN
EXC-BIN-9003,2023-10-01T00:15:00Z,SELL,ADA,99.3795,49722.38,0.06903411882679905,Binance SELL (Slippage)
EXC-BIN-9005,2023-10-01T00:25:00Z,TRANSFER_OUT,SOL,28.9603,49100.49,0.0559214446784963,Binance TRANSFER_OUT
EXC-BIN-9006,2023-10-01T00:30:00Z,TRANSFER_IN,ADA,52.0238,40263.85,0.005850268812435503,Binance TRANSFER_IN
EXC-BIN-9007,2023-10-01T00:35:00Z,TRANSFER_IN,ETH,73.2076,43384.39,0.011665674061142526,Binance TRANSFER_IN
EXC-BIN-9008,2023-10-01T00:40:00Z,TRANSFER_IN,ETH,8.6018,24860.94,0.010528556763019673,Binance TRANSFER_IN
EXC-BIN-9009,2023-10-01T00:45:00Z,TRANSFER_OUT,BTC,50.1023,3246.51,0.04854429811691032,Binance TRANSFER_OUT
EXC-BIN-9010,2023-10-01T00:50:16Z,SELL,ADA,9.2682,41900.72,0.058515618692716896,Binance SELL (Delayed)
EXC-BIN-9011,2023-10-01T00:55:45Z,TRANSFER_OUT,BTC,72.1672,49621.71,0.05182732622668317,Binance TRANSFER_OUT (Delayed)
EXC-BIN-9012,2023-10-01T01:00:00Z,TRANSFER_IN,DOT,20.5807,48667.56,0.07976623424781629,Binance TRANSFER_IN
EXC-BIN-9013,2023-10-01T01:05:00Z,TRANSFER_IN,SOL,37.732,27898.71,0.03191816083794712,Binance TRANSFER_IN
EXC-BIN-9014,2023-10-01T01:10:00Z,SELL,USDT,94.8315,16628.46,0.05090208476334772,Binance SELL
EXC-BIN-9015,2023-10-01T01:15:00Z,SELL,DOT,73.2033,39288.33,0.054902197434126075,Binance SELL
EXC-BIN-9016,2023-10-01T01:20:00Z,TRANSFER_IN,DOT,2.7358,7755.65,0.09752191414953564,Binance TRANSFER_IN
EXC-BIN-9017,2023-10-01T01:25:28Z,SELL,USDT,9.9613,8075.08,0.08111453885872763,Binance SELL (Delayed)
EXC-BIN-9018,2023-10-01T01:30:39Z,SELL,USDT,80.2786,9909.78,0.06655508478074634,Binance SELL (Delayed)
EXC-BIN-9019,2023-10-01T01:35:00Z,BUY,SOL,67.5133,12525.96,0.08476883853158326,Binance BUY (Slippage)
EXC-BIN-9020,2023-10-01T01:40:00Z,BUY,ADA,24.7021,3707.87,0.024365351354216698,Binance BUY
EXC-BIN-9021,2023-10-01T01:45:00Z,BUY,DOT,23.9934,32843.39,0.05346139486471075,Binance BUY
EXC-BIN-9022,2023-10-01T01:50:00Z,TRANSFER_IN,ETH,20.155,16789.61,0.01246926412736828,Binance TRANSFER_IN
EXC-BIN-9023,2023-10-01T01:55:00Z,SELL,SOL,68.4671,40879.12,0.0077506288129236415,Binance SELL
EXC-BIN-9024,2023-10-01T02:00:00Z,TRANSFER_OUT,DOT,44.0185,28388.86,0.08509193860893542,Binance TRANSFER_OUT (Unrecognized)
EXC-BIN-9025,2023-10-01T02:05:00Z,SELL,USDT,36.6535,46691.56,0.04537295732676672,Binance SELL
EXC-BIN-9026,2023-10-01T02:10:00Z,TRANSFER_IN,SOL,25.0467,7103.45,0.03678358597686061,Binance TRANSFER_IN (Slippage)
EXC-BIN-9027,2023-10-01T02:15:00Z,BUY,SOL,51.3343,18835.72,0.07845893493710995,Binance BUY
EXC-BIN-9028,2023-10-01T02:20:00Z,SELL,SOL,96.5417,13409.31,0.008920902042224933,Binance SELL (Slippage)
EXC-BIN-9029,2023-10-01T02:25:18Z,SELL,SOL,50.2493,24238.82,0.008042470576151171,Binance SELL (Delayed)
EXC-BIN-9030,2023-10-01T02:30:00Z,BUY,ADA,65.5592,31891.4,0.08338433246288393,Binance BUY
EXC-BIN-9031,2023-10-01T02:35:00Z,TRANSFER_IN,ADA,97.2913,16110.12,0.08948043128619187,Binance TRANSFER_IN
EXC-BIN-9032,2023-10-01T02:40:00Z,TRANSFER_IN,DOT,77.3361,13696.92,0.05524991838321692,Binance TRANSFER_IN
EXC-BIN-9033,2023-10-01T02:45:44Z,SELL,USDT,43.0774,19127.81,0.08138845107871039,Binance SELL (Delayed)
EXC-BIN-9034,2023-10-01T02:50:00Z,SELL,DOT,43.1773,2627.7,0.07665554170508934,Binance SELL
EXC-BIN-9035,2023-10-01T02:55:00Z,BUY,DOT,50.5832,32954.04,0.010322927071945737,Binance BUY (Slippage)
EXC-BIN-9036,2023-10-01T03:00:00Z,SELL,BTC,70.0526,14000.85,0.018113190614021255,Binance SELL
EXC-BIN-9037,2023-10-01T03:05:00Z,SELL,ADA,29.6329,4600.06,0.050077362918338746,Binance SELL (Slippage)
EXC-BIN-9038,2023-10-01T03:10:00Z,BUY,ETH,26.3582,12814.07,0.03056393189332743,Binance BUY (Slippage)
EXC-BIN-9039,2023-10-01T03:15:00Z,TRANSFER_IN,ETH,70.776,9340.7,0.08665036782470736,Binance TRANSFER_IN
EXC-BIN-9040,2023-10-01T03:20:00Z,TRANSFER_OUT,BTC,5.1643,34109.99,0.00243250550802047,Binance TRANSFER_OUT
EXC-BIN-9041,2023-10-01T03:25:00Z,SELL,USDT,52.8404,18322.48,0.09294746535966572,Binance SELL
EXC-BIN-9042,2023-10-01T03:30:12Z,SELL,USDT,28.9947,9794.16,0.017862111016506393,Binance SELL (Delayed)
EXC-BIN-9043,2023-10-01T03:35:00Z,TRANSFER_OUT,DOT,32.6446,12943.05,0.013257104113343809,Binance TRANSFER_OUT
EXC-BIN-9044,2023-10-01T03:40:00Z,TRANSFER_IN,SOL,1.2235,24234.37,0.07534508212159975,Binance TRANSFER_IN
EXC-BIN-9045,2023-10-01T03:45:00Z,TRANSFER_IN,ADA,36.7691,18282.8,0.03277383353071863,Binance TRANSFER_IN
EXC-BIN-9046,2023-10-01T03:50:00Z,TRANSFER_OUT,DOT,47.9984,13319.88,0.028880120865620945,Binance TRANSFER_OUT (Unrecognized)
EXC-BIN-9047,2023-10-01T03:55:00Z,TRANSFER_IN,BTC,43.0633,42939.41,0.022819827005715682,Binance TRANSFER_IN
EXC-BIN-9048,2023-10-01T04:00:00Z,SELL,USDT,15.061,39146.5,0.07613511144386505,Binance SELL
EXC-BIN-9049,2023-10-01T04:05:00Z,SELL,DOT,29.4768,49532.24,0.09539331054628075,Binance SELL
EXC-BIN-9050,2023-10-01T04:10:00Z,TRANSFER_IN,ADA,37.7437,2631.79,0.003329744860780157,Binance TRANSFER_IN
EXC-BIN-9051,2023-10-01T04:15:00Z,BUY,SOL,8.5182,11085.79,0.0134603166764844,Binance BUY
EXC-BIN-9052,2023-10-01T04:20:00Z,TRANSFER_IN,ADA,60.6045,44462.22,0.09668415388742511,Binance TRANSFER_IN
EXC-BIN-9053,2023-10-01T04:25:25Z,TRANSFER_IN,ADA,57.6036,41337.98,0.05484921881393948,Binance TRANSFER_IN (Delayed)
EXC-BIN-9054,2023-10-01T04:30:00Z,TRANSFER_IN,ETH,66.8306,16399.84,0.026692619106832453,Binance TRANSFER_IN
EXC-BIN-9055,2023-10-01T04:35:00Z,SELL,ETH,59.5207,21512.21,0.011455894916232626,Binance SELL
EXC-BIN-9056,2023-10-01T04:40:00Z,SELL,SOL,3.2173,58.73,0.08406956049578211,Binance SELL
EXC-BIN-9057,2023-10-01T04:45:00Z,TRANSFER_IN,USDT,99.6596,32397.78,0.0990221629189491,Binance TRANSFER_IN
EXC-BIN-9058,2023-10-01T04:50:00Z,TRANSFER_IN,ETH,98.9245,20647.4,0.026396351524865674,Binance TRANSFER_IN
EXC-BIN-9059,2023-10-01T04:55:00Z,SELL,ETH,51.9786,44894.61,0.0366377084565689,Binance SELL
EXC-BIN-9060,2023-10-01T05:00:00Z,BUY,USDT,47.9851,47129.8,0.08072903940523415,Binance BUY (Slippage)
EXC-BIN-9061,2023-10-01T05:05:00Z,TRANSFER_OUT,DOT,89.2773,2807.07,0.0522835896026332,Binance TRANSFER_OUT
EXC-BIN-9062,2023-10-01T05:10:00Z,TRANSFER_IN,SOL,98.9185,34427.99,0.04143979453698409,Binance TRANSFER_IN
EXC-BIN-9063,2023-10-01T05:15:00Z,SELL,ADA,63.2852,30538.96,0.040493339012700996,Binance SELL
EXC-BIN-9064,2023-10-01T05:20:00Z,TRANSFER_OUT,ETH,41.4382,25411.76,0.09794857989900933,Binance TRANSFER_OUT
EXC-BIN-9065,2023-10-01T05:25:00Z,TRANSFER_IN,DOT,89.0364,27008.13,0.09684783466746523,Binance TRANSFER_IN
EXC-BIN-9066,2023-10-01T05:30:00Z,TRANSFER_OUT,ETH,17.7767,47543.37,0.05201406560360961,Binance TRANSFER_OUT (Slippage)
EXC-BIN-9067,2023-10-01T05:35:00Z,TRANSFER_IN,SOL,10.8439,42641.2,0.09683898073855109,Binance TRANSFER_IN
EXC-BIN-9068,2023-10-01T05:40:00Z,TRANSFER_OUT,DOT,60.9424,32559.75,0.023182065652320824,Binance TRANSFER_OUT (Unrecognized)
EXC-BIN-9069,2023-10-01T05:45:00Z,SELL,BTC,48.9459,41367.77,0.010862579848145742,Binance SELL
EXC-BIN-9070,2023-10-01T05:50:24Z,SELL,USDT,47.6179,19152.31,0.06148947839003666,Binance SELL (Delayed)
EXC-BIN-9071,2023-10-01T05:55:07Z,TRANSFER_OUT,ADA,75.5891,15354.7,0.07600230331672514,Binance TRANSFER_OUT (Delayed)
EXC-BIN-9074,2023-10-01T06:10:18Z,TRANSFER_OUT,SOL,21.5862,47894.51,0.0790529608988765,Binance TRANSFER_OUT (Delayed)
EXC-BIN-9075,2023-10-01T06:15:00Z,TRANSFER_OUT,ETH,85.1916,31015.33,0.005937537244659811,Binance TRANSFER_OUT
EXC-BIN-9076,2023-10-01T06:20:00Z,SELL,BTC,79.9315,9060.97,0.010741816855370932,Binance SELL
EXC-BIN-9077,2023-10-01T06:25:00Z,SELL,BTC,27.0357,36236.15,0.02966206094765257,Binance SELL (Slippage)
EXC-BIN-9078,2023-10-01T06:30:00Z,BUY,USDT,26.3982,10138.13,0.043684293473702694,Binance BUY (Unrecognized)
EXC-BIN-9079,2023-10-01T06:35:00Z,TRANSFER_IN,BTC,48.0833,46852.58,0.07924971886812646,Binance TRANSFER_IN
EXC-BIN-9080,2023-10-01T06:40:00Z,TRANSFER_IN,USDT,24.2311,15812.32,0.07419921127668613,Binance TRANSFER_IN (Slippage)
EXC-BIN-9081,2023-10-01T06:45:00Z,TRANSFER_IN,BTC,23.7463,35822.78,0.028577057958203957,Binance TRANSFER_IN
EXC-BIN-9082,2023-10-01T06:50:00Z,SELL,ETH,75.4875,1152.24,0.04942432696530139,Binance SELL
EXC-BIN-9083,2023-10-01T06:55:00Z,TRANSFER_IN,USDT,36.9549,6570.48,0.006478592447069416,Binance TRANSFER_IN (Slippage)
EXC-BIN-9084,2023-10-01T07:00:00Z,BUY,ADA,42.2679,43336.4,0.001561853012427699,Binance BUY (Slippage)
EXC-BIN-9085,2023-10-01T07:05:00Z,BUY,ADA,65.3801,430.99,0.09443396649865828,Binance BUY
EXC-BIN-9086,2023-10-01T07:10:00Z,TRANSFER_OUT,SOL,43.1665,39009.54,0.038799782396513105,Binance TRANSFER_OUT (Slippage)
EXC-BIN-9087,2023-10-01T07:15:00Z,SELL,BTC,93.2515,42856.62,0.03814064722808752,Binance SELL
EXC-BIN-9088,2023-10-01T07:20:00Z,TRANSFER_IN,ETH,24.2204,6038.25,0.06719275597655837,Binance TRANSFER_IN (Unrecognized)
EXC-BIN-9089,2023-10-01T07:25:21Z,TRANSFER_IN,DOT,78.5598,8388.46,0.07687660863180588,Binance TRANSFER_IN (Delayed)
EXC-BIN-9090,2023-10-01T07:30:00Z,SELL,ETH,86.3683,8056.23,0.030771167960585346,Binance SELL
EXC-BIN-9091,2023-10-01T07:35:00Z,SELL,ETH,5.2327,44737.59,0.0535912041022498,Binance SELL
EXC-BIN-9092,2023-10-01T07:40:00Z,TRANSFER_IN,DOT,68.1554,17226.33,0.05384291449228642,Binance TRANSFER_IN
EXC-BIN-9093,2023-10-01T07:45:00Z,TRANSFER_IN,SOL,38.4796,5594.14,0.09895077181106424,Binance TRANSFER_IN (Slippage)
EXC-BIN-9094,2023-10-01T07:50:00Z,TRANSFER_OUT,DOT,0.8183,2849.41,0.0673534233115227,Binance TRANSFER_OUT (Slippage)
EXC-BIN-9095,2023-10-01T07:55:45Z,TRANSFER_IN,DOT,31.7507,16713.84,0.06402080068169945,Binance TRANSFER_IN (Delayed)
EXC-BIN-9096,2023-10-01T08:00:00Z,TRANSFER_OUT,DOT,49.0126,10045.0,0.0726771928382431,Binance TRANSFER_OUT
EXC-BIN-9097,2023-10-01T08:05:00Z,BUY,SOL,3.2725,38978.21,0.07463530085231043,Binance BUY
EXC-BIN-9098,2023-10-01T08:10:00Z,SELL,DOT,44.5716,20239.01,0.043238482935347905,Binance SELL (Slippage)
EXC-BIN-9099,2023-10-01T08:15:00Z,TRANSFER_IN,SOL,37.5507,15617.57,0.08755691996301113,Binance TRANSFER_IN (Slippage)
